{
  "project_info": {
    "project_number": "1004250298889",
    "firebase_url": "https://flutter-app-visual-counter.firebaseio.com",
    "project_id": "flutter-app-visual-counter",
    "storage_bucket": "flutter-app-visual-counter.appspot.com"
  },
  "client": [
    {
      "client_info": {
        "mobilesdk_app_id": "1:1004250298889:android:83fd89044d8a259b8116d8",
        "android_client_info": {
          "package_name": "net.garana.flutter_app_visual_counter"
        }
      },
      "oauth_client": [
        {
          "client_id": "1004250298889-l3dnk45905i7pl9799b5h0f3cmo4if28.apps.googleusercontent.com",
          "client_type": 3
        }
      ],
      "api_key": [
        {
          "current_key": "AIzaSyDOLh5ml0cJz1uN36G_-3rUXUhaT7uckMw"
        }
      ],
      "services": {
        "appinvite_service": {
          "other_platform_oauth_client": [
            {
              "client_id": "1004250298889-l3dnk45905i7pl9799b5h0f3cmo4if28.apps.googleusercontent.com",
              "client_type": 3
            }
          ]
        }
      }
    }
  ],
  "configuration_version": "1"
}